{
    "epoch": 10.0,
    "eval_gen_len": 161.1824,
    "eval_loss": 2.5573232173919678,
    "eval_rouge1": 24.0127,
    "eval_rouge2": 12.2173,
    "eval_rougeL": 16.4156,
    "eval_rougeLsum": 23.4258,
    "eval_runtime": 305.5466,
    "eval_samples": 159,
    "eval_samples_per_second": 0.52,
    "eval_steps_per_second": 0.023,
    "predict_gen_len": 155.0377,
    "predict_loss": 2.9311869144439697,
    "predict_rouge1": 18.7812,
    "predict_rouge2": 6.7913,
    "predict_rougeL": 11.9984,
    "predict_rougeLsum": 18.016,
    "predict_runtime": 278.3059,
    "predict_samples": 159,
    "predict_samples_per_second": 0.571,
    "predict_steps_per_second": 0.025,
    "train_loss": 2.7803867843915833,
    "train_runtime": 1320.4623,
    "train_samples": 1268,
    "train_samples_per_second": 9.603,
    "train_steps_per_second": 0.401
}