{
    "epoch": 6.0,
    "eval_gen_len": 198.084,
    "eval_loss": 1.842750072479248,
    "eval_rouge1": 21.4375,
    "eval_rouge2": 7.3694,
    "eval_rougeL": 12.8195,
    "eval_rougeLsum": 21.2092,
    "eval_runtime": 1219.3798,
    "eval_samples": 500,
    "eval_samples_per_second": 0.41,
    "eval_steps_per_second": 0.137,
    "predict_gen_len": 203.8688,
    "predict_loss": 1.7709609270095825,
    "predict_rouge1": 27.2926,
    "predict_rouge2": 9.8415,
    "predict_rougeL": 16.6206,
    "predict_rougeLsum": 26.9232,
    "predict_runtime": 12050.8456,
    "predict_samples": 4796,
    "predict_samples_per_second": 0.398,
    "predict_steps_per_second": 0.133,
    "train_loss": 0.1776102283370684,
    "train_runtime": 8163.3931,
    "train_samples": 38360,
    "train_samples_per_second": 28.194,
    "train_steps_per_second": 9.398
}