{
    "epoch": 20.0,
    "eval_gen_len": 151.1824,
    "eval_loss": 2.4921185970306396,
    "eval_rouge1": 24.0077,
    "eval_rouge2": 12.0733,
    "eval_rougeL": 16.925,
    "eval_rougeLsum": 23.3998,
    "eval_runtime": 302.0795,
    "eval_samples": 159,
    "eval_samples_per_second": 0.526,
    "eval_steps_per_second": 0.023,
    "predict_gen_len": 144.6289,
    "predict_loss": 2.877415418624878,
    "predict_rouge1": 19.3118,
    "predict_rouge2": 7.0323,
    "predict_rougeL": 12.2454,
    "predict_rougeLsum": 18.5898,
    "predict_runtime": 353.1607,
    "predict_samples": 159,
    "predict_samples_per_second": 0.45,
    "predict_steps_per_second": 0.02,
    "train_loss": 2.1607194144770783,
    "train_runtime": 2627.3843,
    "train_samples": 1268,
    "train_samples_per_second": 9.652,
    "train_steps_per_second": 0.403
}