{
    "epoch": 6.0,
    "eval_gen_len": 512.0,
    "eval_loss": 2.2030200958251953,
    "eval_rouge1": 23.6431,
    "eval_rouge2": 3.8412,
    "eval_rougeL": 13.7061,
    "eval_rougeLsum": 22.5753,
    "eval_runtime": 397.2393,
    "eval_samples": 500,
    "eval_samples_per_second": 1.259,
    "eval_steps_per_second": 0.141,
    "predict_gen_len": 512.0,
    "predict_loss": 2.180129289627075,
    "predict_rouge1": 23.5973,
    "predict_rouge2": 4.5842,
    "predict_rougeL": 14.0574,
    "predict_rougeLsum": 22.4255,
    "predict_runtime": 3725.5683,
    "predict_samples": 4796,
    "predict_samples_per_second": 1.287,
    "predict_steps_per_second": 0.143,
    "train_loss": 1.4996922602076705,
    "train_runtime": 16919.9088,
    "train_samples": 38360,
    "train_samples_per_second": 13.603,
    "train_steps_per_second": 1.512
}