{
    "epoch": 20.0,
    "eval_gen_len": 585.0332,
    "eval_loss": 2.5323760509490967,
    "eval_rouge1": 35.772,
    "eval_rouge2": 11.0394,
    "eval_rougeL": 17.9625,
    "eval_rougeLsum": 35.3641,
    "eval_runtime": 26587.4742,
    "eval_samples": 4790,
    "eval_samples_per_second": 0.18,
    "eval_steps_per_second": 0.006,
    "predict_gen_len": 572.4777,
    "predict_loss": 2.546689033508301,
    "predict_rouge1": 35.1393,
    "predict_rouge2": 10.557,
    "predict_rougeL": 17.642,
    "predict_rougeLsum": 34.7476,
    "predict_runtime": 26634.5703,
    "predict_samples": 4790,
    "predict_samples_per_second": 0.18,
    "predict_steps_per_second": 0.006,
    "train_loss": 1.596901013512274,
    "train_runtime": 50977.4442,
    "train_samples": 38320,
    "train_samples_per_second": 15.034,
    "train_steps_per_second": 0.627
}