{
    "epoch": 4.0,
    "eval_gen_len": 735.1879,
    "eval_loss": 2.5216593742370605,
    "eval_rouge1": 21.2729,
    "eval_rouge2": 6.3215,
    "eval_rougeL": 15.3812,
    "eval_rougeLsum": 19.9873,
    "eval_runtime": 10638.5229,
    "eval_samples": 4795,
    "eval_samples_per_second": 0.451,
    "eval_steps_per_second": 0.15,
    "predict_gen_len": 747.0561,
    "predict_loss": 2.565790891647339,
    "predict_rouge1": 19.8422,
    "predict_rouge2": 5.6019,
    "predict_rougeL": 14.3604,
    "predict_rougeLsum": 18.6299,
    "predict_runtime": 10756.8142,
    "predict_samples": 4796,
    "predict_samples_per_second": 0.446,
    "predict_steps_per_second": 0.149,
    "train_loss": 0.7710011062270046,
    "train_runtime": 7905.1754,
    "train_samples": 38360,
    "train_samples_per_second": 19.41,
    "train_steps_per_second": 6.47
}