{
    "epoch": 20.0,
    "eval_gen_len": 327.9173,
    "eval_loss": 2.5394203662872314,
    "eval_rouge1": 34.2259,
    "eval_rouge2": 11.8091,
    "eval_rougeL": 19.2264,
    "eval_rougeLsum": 33.7749,
    "eval_runtime": 11728.9326,
    "eval_samples": 4790,
    "eval_samples_per_second": 0.408,
    "eval_steps_per_second": 0.017,
    "predict_gen_len": 327.3699,
    "predict_loss": 2.5541305541992188,
    "predict_rouge1": 34.0257,
    "predict_rouge2": 11.4859,
    "predict_rougeL": 19.0133,
    "predict_rougeLsum": 33.5679,
    "predict_runtime": 12007.4019,
    "predict_samples": 4790,
    "predict_samples_per_second": 0.399,
    "predict_steps_per_second": 0.017,
    "train_loss": 0.7608674003395649,
    "train_runtime": 50576.1636,
    "train_samples": 38320,
    "train_samples_per_second": 15.153,
    "train_steps_per_second": 0.632
}