{
    "epoch": 10.0,
    "eval_gen_len": 227.2704,
    "eval_loss": 2.2227675914764404,
    "eval_rouge1": 27.1649,
    "eval_rouge2": 13.7273,
    "eval_rougeL": 18.3928,
    "eval_rougeLsum": 26.6221,
    "eval_runtime": 280.8042,
    "eval_samples": 159,
    "eval_samples_per_second": 0.566,
    "eval_steps_per_second": 0.025,
    "predict_gen_len": 226.9182,
    "predict_loss": 2.5934791564941406,
    "predict_rouge1": 21.3099,
    "predict_rouge2": 7.1674,
    "predict_rougeL": 12.7237,
    "predict_rougeLsum": 20.5288,
    "predict_runtime": 285.6897,
    "predict_samples": 159,
    "predict_samples_per_second": 0.557,
    "predict_steps_per_second": 0.025,
    "train_loss": 2.559414838395029,
    "train_runtime": 1430.285,
    "train_samples": 1268,
    "train_samples_per_second": 8.865,
    "train_steps_per_second": 0.371
}