{
    "epoch": 20.0,
    "eval_gen_len": 153.3333,
    "eval_loss": 2.5454769134521484,
    "eval_rouge1": 24.663,
    "eval_rouge2": 12.7567,
    "eval_rougeL": 17.6242,
    "eval_rougeLsum": 24.0421,
    "eval_runtime": 321.5155,
    "eval_samples": 159,
    "eval_samples_per_second": 0.495,
    "eval_steps_per_second": 0.022,
    "predict_gen_len": 140.8239,
    "predict_loss": 2.9347341060638428,
    "predict_rouge1": 19.6678,
    "predict_rouge2": 7.3554,
    "predict_rougeL": 12.4805,
    "predict_rougeLsum": 18.9188,
    "predict_runtime": 303.978,
    "predict_samples": 159,
    "predict_samples_per_second": 0.523,
    "predict_steps_per_second": 0.023,
    "train_loss": 2.1262398773769164,
    "train_runtime": 2605.3123,
    "train_samples": 1268,
    "train_samples_per_second": 9.734,
    "train_steps_per_second": 0.407
}