{
    "epoch": 6.0,
    "eval_gen_len": 326.8562,
    "eval_loss": 1.8195348978042603,
    "eval_rouge1": 33.717,
    "eval_rouge2": 11.6398,
    "eval_rougeL": 18.7546,
    "eval_rougeLsum": 33.2747,
    "eval_runtime": 21467.9826,
    "eval_samples": 4790,
    "eval_samples_per_second": 0.223,
    "eval_steps_per_second": 0.014,
    "predict_gen_len": 321.014,
    "predict_loss": 1.7926762104034424,
    "predict_rouge1": 33.4262,
    "predict_rouge2": 11.2519,
    "predict_rougeL": 18.4546,
    "predict_rougeLsum": 32.9613,
    "predict_runtime": 20276.4842,
    "predict_samples": 4790,
    "predict_samples_per_second": 0.236,
    "predict_steps_per_second": 0.015,
    "train_loss": 1.7981216439812733,
    "train_runtime": 64655.694,
    "train_samples": 38360,
    "train_samples_per_second": 3.56,
    "train_steps_per_second": 1.187
}