{
    "epoch": 6.0,
    "eval_gen_len": 314.624,
    "eval_loss": 1.8147265911102295,
    "eval_rouge1": 28.2575,
    "eval_rouge2": 8.922,
    "eval_rougeL": 15.1387,
    "eval_rougeLsum": 27.924,
    "eval_runtime": 1101.9252,
    "eval_samples": 500,
    "eval_samples_per_second": 0.454,
    "eval_steps_per_second": 0.152,
    "predict_gen_len": 318.7619,
    "predict_loss": 1.7560137510299683,
    "predict_rouge1": 33.2114,
    "predict_rouge2": 11.1111,
    "predict_rougeL": 18.4193,
    "predict_rougeLsum": 32.7436,
    "predict_runtime": 11113.6267,
    "predict_samples": 4796,
    "predict_samples_per_second": 0.432,
    "predict_steps_per_second": 0.144,
    "train_loss": 1.7981216439812733,
    "train_runtime": 64655.694,
    "train_samples": 38360,
    "train_samples_per_second": 3.56,
    "train_steps_per_second": 1.187
}