{
    "epoch": 10.0,
    "eval_gen_len": 439.0063,
    "eval_loss": 2.3813283443450928,
    "eval_rouge1": 14.733,
    "eval_rouge2": 9.1447,
    "eval_rougeL": 11.7375,
    "eval_rougeLsum": 13.1373,
    "eval_runtime": 721.6938,
    "eval_samples": 159,
    "eval_samples_per_second": 0.22,
    "eval_steps_per_second": 0.073,
    "predict_gen_len": 329.327,
    "predict_loss": 2.838690757751465,
    "predict_rouge1": 12.5819,
    "predict_rouge2": 6.2764,
    "predict_rougeL": 9.4466,
    "predict_rougeLsum": 10.9618,
    "predict_runtime": 672.1322,
    "predict_samples": 159,
    "predict_samples_per_second": 0.237,
    "predict_steps_per_second": 0.079,
    "train_loss": 0.13356565651318705,
    "train_runtime": 244.9968,
    "train_samples": 1268,
    "train_samples_per_second": 51.756,
    "train_steps_per_second": 17.266
}