{
    "epoch": 20.0,
    "eval_gen_len": 233.3762,
    "eval_loss": 2.422020673751831,
    "eval_rouge1": 26.9047,
    "eval_rouge2": 9.029,
    "eval_rougeL": 16.118,
    "eval_rougeLsum": 26.5763,
    "eval_runtime": 22493.8596,
    "eval_samples": 4790,
    "eval_samples_per_second": 0.213,
    "eval_steps_per_second": 0.013,
    "predict_gen_len": 232.6858,
    "predict_loss": 2.4491238594055176,
    "predict_rouge1": 26.5385,
    "predict_rouge2": 8.5011,
    "predict_rougeL": 15.787,
    "predict_rougeLsum": 26.2131,
    "predict_runtime": 22710.8858,
    "predict_samples": 4790,
    "predict_samples_per_second": 0.211,
    "predict_steps_per_second": 0.013,
    "train_loss": 1.5733832582056932,
    "train_runtime": 58189.3978,
    "train_samples": 38320,
    "train_samples_per_second": 13.171,
    "train_steps_per_second": 0.549
}