{
    "epoch": 10.0,
    "eval_gen_len": 235.8643,
    "eval_loss": 2.141721725463867,
    "eval_rouge1": 26.7459,
    "eval_rouge2": 9.5767,
    "eval_rougeL": 16.4712,
    "eval_rougeLsum": 26.4186,
    "eval_runtime": 29612.2434,
    "eval_samples": 4790,
    "eval_samples_per_second": 0.162,
    "eval_steps_per_second": 0.01,
    "predict_gen_len": 230.6946,
    "predict_loss": 2.1687629222869873,
    "predict_rouge1": 26.3363,
    "predict_rouge2": 9.1172,
    "predict_rougeL": 16.189,
    "predict_rougeLsum": 26.0027,
    "predict_runtime": 29403.3799,
    "predict_samples": 4790,
    "predict_samples_per_second": 0.163,
    "predict_steps_per_second": 0.01,
    "train_loss": 1.8574273058676913,
    "train_runtime": 44622.3145,
    "train_samples": 38320,
    "train_samples_per_second": 8.588,
    "train_steps_per_second": 0.358
}