{
    "epoch": 10.0,
    "eval_gen_len": 239.1824,
    "eval_loss": 2.232438802719116,
    "eval_rouge1": 27.552,
    "eval_rouge2": 13.0948,
    "eval_rougeL": 18.1838,
    "eval_rougeLsum": 26.8979,
    "eval_runtime": 412.3634,
    "eval_samples": 159,
    "eval_samples_per_second": 0.386,
    "eval_steps_per_second": 0.024,
    "predict_gen_len": 232.3899,
    "predict_loss": 2.7092385292053223,
    "predict_rouge1": 22.994,
    "predict_rouge2": 8.6454,
    "predict_rougeL": 13.9584,
    "predict_rougeLsum": 22.1688,
    "predict_runtime": 538.4691,
    "predict_samples": 159,
    "predict_samples_per_second": 0.295,
    "predict_steps_per_second": 0.019,
    "train_loss": 1.5775076070294032,
    "train_runtime": 4533.8288,
    "train_samples": 1268,
    "train_samples_per_second": 2.797,
    "train_steps_per_second": 0.933
}