{
    "epoch": 10.0,
    "eval_gen_len": 242.0629,
    "eval_loss": 2.1923954486846924,
    "eval_rouge1": 27.4726,
    "eval_rouge2": 12.9775,
    "eval_rougeL": 18.1843,
    "eval_rougeLsum": 26.913,
    "eval_runtime": 429.3005,
    "eval_samples": 159,
    "eval_samples_per_second": 0.37,
    "eval_steps_per_second": 0.123,
    "predict_gen_len": 229.4969,
    "predict_loss": 2.7950494289398193,
    "predict_rouge1": 22.9021,
    "predict_rouge2": 8.5812,
    "predict_rougeL": 13.9965,
    "predict_rougeLsum": 22.1166,
    "predict_runtime": 433.1351,
    "predict_samples": 159,
    "predict_samples_per_second": 0.367,
    "predict_steps_per_second": 0.122,
    "train_loss": 1.5775076070294032,
    "train_runtime": 4533.8288,
    "train_samples": 1268,
    "train_samples_per_second": 2.797,
    "train_steps_per_second": 0.933
}