{
    "epoch": 10.0,
    "eval_gen_len": 111.478,
    "eval_loss": 2.2895021438598633,
    "eval_rouge1": 20.9853,
    "eval_rouge2": 11.3962,
    "eval_rougeL": 15.6825,
    "eval_rougeLsum": 20.4943,
    "eval_runtime": 360.9558,
    "eval_samples": 159,
    "eval_samples_per_second": 0.44,
    "eval_steps_per_second": 0.147,
    "predict_gen_len": 102.7358,
    "predict_loss": 2.870323896408081,
    "predict_rouge1": 17.6549,
    "predict_rouge2": 8.038,
    "predict_rougeL": 12.1485,
    "predict_rougeLsum": 17.1275,
    "predict_runtime": 399.6088,
    "predict_samples": 159,
    "predict_samples_per_second": 0.398,
    "predict_steps_per_second": 0.133,
    "train_loss": 1.7956426201137246,
    "train_runtime": 4663.7101,
    "train_samples": 1268,
    "train_samples_per_second": 2.719,
    "train_steps_per_second": 0.907
}